AMINO ACIDS,CARBOHYDRATES,COFACTORS AND VITAMINS,ENERGY,LIPIDS,NUCLEOTIDES,ONE CARBON CYCLE,OTHER,OTHER AMINO ACIDS,REACTIVE OXYGEN SPECIES
WBGene00000107,WBGene00000107,WBGene00000240,WBGene00000040,WBGene00000035,WBGene00000068,WBGene00000109,WBGene00000001,WBGene00004091,WBGene00000830
WBGene00000108,WBGene00000108,WBGene00000296,WBGene00000041,WBGene00000036,WBGene00000069,WBGene00000929,WBGene00000090,WBGene00005663,WBGene00000831
WBGene00000110,WBGene00000110,WBGene00000298,WBGene00000206,WBGene00000038,WBGene00000071,WBGene00003214,WBGene00000123,WBGene00006762,WBGene00001527
WBGene00000111,WBGene00000111,WBGene00000536,WBGene00000207,WBGene00000081,WBGene00000391,WBGene00006416,WBGene00000138,WBGene00007533,WBGene00002249
WBGene00000112,WBGene00000115,WBGene00000762,WBGene00000209,WBGene00000107,WBGene00000392,WBGene00006510,WBGene00000196,WBGene00007653,WBGene00002250
WBGene00000113,WBGene00000117,WBGene00000763,WBGene00000210,WBGene00000108,WBGene00000963,WBGene00007388,WBGene00000197,WBGene00008379,WBGene00004930
WBGene00000114,WBGene00000118,WBGene00000765,WBGene00000229,WBGene00000110,WBGene00000964,WBGene00007533,WBGene00000198,WBGene00008490,WBGene00004931
WBGene00000115,WBGene00000266,WBGene00000766,WBGene00000230,WBGene00000111,WBGene00001823,WBGene00007974,WBGene00000214,WBGene00008732,WBGene00004932
WBGene00000117,WBGene00000269,WBGene00000967,WBGene00000371,WBGene00000114,WBGene00002879,WBGene00008205,WBGene00000215,WBGene00009048,WBGene00004933
WBGene00000118,WBGene00000496,WBGene00000976,WBGene00000829,WBGene00000115,WBGene00003254,WBGene00008354,WBGene00000216,WBGene00010759,WBGene00006434
WBGene00000138,WBGene00000497,WBGene00000982,WBGene00000833,WBGene00000117,WBGene00003579,WBGene00009048,WBGene00000218,WBGene00011393,WBGene00007036
WBGene00000181,WBGene00000503,WBGene00001033,WBGene00000869,WBGene00000118,WBGene00003583,WBGene00009918,WBGene00000245,WBGene00012416,WBGene00007516
WBGene00000239,WBGene00000984,WBGene00001486,WBGene00001503,WBGene00000198,WBGene00004091,WBGene00010988,WBGene00000253,WBGene00012867,WBGene00007517
WBGene00000240,WBGene00001404,WBGene00001500,WBGene00001520,WBGene00000211,WBGene00004248,WBGene00013708,WBGene00000254,WBGene00013041,WBGene00008117
WBGene00000296,WBGene00001508,WBGene00001501,WBGene00002162,WBGene00000212,WBGene00004259,WBGene00013866,WBGene00000279,WBGene00013151,WBGene00009165
WBGene00000775,WBGene00001564,WBGene00002010,WBGene00002855,WBGene00000213,WBGene00004391,WBGene00015512,WBGene00000280,WBGene00014228,WBGene00009554
WBGene00000800,WBGene00001637,WBGene00003411,WBGene00003061,WBGene00000481,WBGene00004392,WBGene00015538,WBGene00000281,WBGene00015553,WBGene00010941
WBGene00000830,WBGene00001638,WBGene00003778,WBGene00003162,WBGene00000509,WBGene00006568,WBGene00015540,WBGene00000282,WBGene00016906,WBGene00011045
WBGene00000831,WBGene00001639,WBGene00004020,WBGene00003225,WBGene00000510,WBGene00007089,WBGene00016957,WBGene00000283,WBGene00017442,WBGene00011110
WBGene00001077,WBGene00001645,WBGene00004023,WBGene00003831,WBGene00000511,WBGene00007753,WBGene00017765,WBGene00000284,WBGene00019094,WBGene00011393
WBGene00001149,WBGene00001646,WBGene00004049,WBGene00004091,WBGene00000512,WBGene00007755,WBGene00017777,WBGene00000295,WBGene00019096,WBGene00011587
WBGene00001150,WBGene00001647,WBGene00004050,WBGene00006433,WBGene00000513,WBGene00007812,WBGene00018174,WBGene00000366,WBGene00019204,WBGene00012416
WBGene00001152,WBGene00001649,WBGene00004051,WBGene00006463,WBGene00000514,WBGene00008131,WBGene00018783,WBGene00000496,WBGene00019962,WBGene00013220
WBGene00001154,WBGene00001683,WBGene00004052,WBGene00006519,WBGene00000515,WBGene00008443,WBGene00019322,WBGene00000497,WBGene00020590,WBGene00014028
WBGene00001155,WBGene00001684,WBGene00004053,WBGene00007150,WBGene00000905,WBGene00008458,WBGene00019492,WBGene00000503,WBGene00020797,WBGene00015553
WBGene00001156,WBGene00001685,WBGene00004068,WBGene00007350,WBGene00000958,WBGene00008654,WBGene00020491,WBGene00000761,WBGene00022397,WBGene00016629
WBGene00001157,WBGene00001686,WBGene00004800,WBGene00007385,WBGene00000959,WBGene00008948,WBGene00022455,WBGene00000800,WBGene00022856,WBGene00016906
WBGene00001158,WBGene00001793,WBGene00004801,WBGene00007653,WBGene00000960,WBGene00009119,WBGene00022856,WBGene00000907,,WBGene00017084
WBGene00001527,WBGene00002262,WBGene00004802,WBGene00007684,WBGene00000988,WBGene00009126,,WBGene00000913,,WBGene00018850
WBGene00001602,WBGene00004258,WBGene00004803,WBGene00007753,WBGene00000991,WBGene00009531,,WBGene00000991,,WBGene00019204
WBGene00001603,WBGene00005019,WBGene00006600,WBGene00007755,WBGene00000996,WBGene00009575,,WBGene00001002,,WBGene00019846
WBGene00001604,WBGene00005022,WBGene00006862,WBGene00007880,WBGene00001150,WBGene00010083,,WBGene00001033,,WBGene00020590
WBGene00001606,WBGene00006461,WBGene00007328,WBGene00007886,WBGene00001152,WBGene00010609,,WBGene00001077,,WBGene00021401
WBGene00001607,WBGene00006601,WBGene00007331,WBGene00007942,WBGene00001153,WBGene00010697,,WBGene00001093,,WBGene00021430
WBGene00001790,WBGene00006602,WBGene00007698,WBGene00007993,WBGene00001155,WBGene00010912,,WBGene00001094,,WBGene00022377
WBGene00001791,WBGene00006603,WBGene00007753,WBGene00008409,WBGene00001156,WBGene00011064,,WBGene00001095,,WBGene00022397
WBGene00001794,WBGene00006607,WBGene00007755,WBGene00008414,WBGene00001157,WBGene00011128,,WBGene00001130,,
WBGene00001839,WBGene00006608,WBGene00007780,WBGene00008490,WBGene00001158,WBGene00011146,,WBGene00001134,,
WBGene00001843,WBGene00006609,WBGene00008531,WBGene00008538,WBGene00001239,WBGene00011272,,WBGene00001137,,
WBGene00001993,WBGene00006610,WBGene00008669,WBGene00008732,WBGene00001240,WBGene00011407,,WBGene00001150,,
WBGene00002249,WBGene00006611,WBGene00008801,WBGene00009051,WBGene00001241,WBGene00011433,,WBGene00001152,,
WBGene00002250,WBGene00006863,WBGene00008802,WBGene00009161,WBGene00001242,WBGene00011559,,WBGene00001155,,
WBGene00003162,WBGene00007043,WBGene00009138,WBGene00009187,WBGene00001243,WBGene00012316,,WBGene00001156,,
WBGene00003214,WBGene00007102,WBGene00009146,WBGene00009294,WBGene00001244,WBGene00012390,,WBGene00001157,,
WBGene00003234,WBGene00007108,WBGene00009176,WBGene00009353,WBGene00001245,WBGene00012423,,WBGene00001158,,
WBGene00003816,WBGene00007425,WBGene00009493,WBGene00009440,WBGene00001247,WBGene00013690,,WBGene00001177,,
WBGene00003844,WBGene00007435,WBGene00009628,WBGene00009664,WBGene00001262,WBGene00014001,,WBGene00001239,,
WBGene00003960,WBGene00007464,WBGene00010063,WBGene00009712,WBGene00001393,WBGene00014034,,WBGene00001336,,
WBGene00004025,WBGene00007465,WBGene00010408,WBGene00009739,WBGene00001394,WBGene00014058,,WBGene00001337,,
WBGene00004026,WBGene00007466,WBGene00010790,WBGene00009740,WBGene00001395,WBGene00015116,,WBGene00001338,,
WBGene00004259,WBGene00007467,WBGene00010791,WBGene00009812,WBGene00001396,WBGene00015551,,WBGene00001405,,
WBGene00004875,WBGene00007469,WBGene00011224,WBGene00009992,WBGene00001397,WBGene00016103,,WBGene00001406,,
WBGene00006416,WBGene00007470,WBGene00011262,WBGene00010317,WBGene00001398,WBGene00016328,,WBGene00001476,,
WBGene00006518,WBGene00007471,WBGene00011271,WBGene00010326,WBGene00001399,WBGene00016415,,WBGene00001477,,
WBGene00006541,WBGene00007472,WBGene00011398,WBGene00010380,WBGene00001794,WBGene00016509,,WBGene00001478,,
WBGene00006562,WBGene00007473,WBGene00011500,WBGene00010383,WBGene00002043,WBGene00016632,,WBGene00001479,,
WBGene00006600,WBGene00007556,WBGene00011526,WBGene00010397,WBGene00002044,WBGene00016957,,WBGene00001480,,
WBGene00006762,WBGene00007745,WBGene00011527,WBGene00010419,WBGene00002183,WBGene00017244,,WBGene00001486,,
WBGene00007122,WBGene00007824,WBGene00011559,WBGene00010759,WBGene00002262,WBGene00017440,,WBGene00001497,,
WBGene00007129,WBGene00007965,WBGene00011573,WBGene00010780,WBGene00002891,WBGene00017775,,WBGene00001498,,
WBGene00007197,WBGene00007969,WBGene00011879,WBGene00010794,WBGene00003047,WBGene00017984,,WBGene00001522,,
WBGene00007236,WBGene00008132,WBGene00012295,WBGene00010957,WBGene00003773,WBGene00018174,,WBGene00001523,,
WBGene00007480,WBGene00008230,WBGene00012423,WBGene00010958,WBGene00003906,WBGene00019055,,WBGene00001528,,
WBGene00007507,WBGene00008258,WBGene00012666,WBGene00010959,WBGene00003907,WBGene00019298,,WBGene00001530,,
WBGene00007508,WBGene00008411,WBGene00012885,WBGene00010960,WBGene00004020,WBGene00019899,,WBGene00001531,,
WBGene00007509,WBGene00008506,WBGene00012895,WBGene00010961,WBGene00004023,WBGene00020036,,WBGene00001532,,
WBGene00007533,WBGene00008546,WBGene00012914,WBGene00010962,WBGene00004040,WBGene00020114,,WBGene00001535,,
WBGene00007653,WBGene00008548,WBGene00013336,WBGene00010963,WBGene00004076,WBGene00020190,,WBGene00001536,,
WBGene00007756,WBGene00008775,WBGene00013577,WBGene00010964,WBGene00004092,WBGene00020557,,WBGene00001538,,
WBGene00007836,WBGene00008780,WBGene00013646,WBGene00010965,WBGene00004892,WBGene00020682,,WBGene00001540,,
WBGene00008127,WBGene00009006,WBGene00013854,WBGene00010966,WBGene00004893,WBGene00020765,,WBGene00001541,,
WBGene00008205,WBGene00009035,WBGene00014076,WBGene00010967,WBGene00004894,WBGene00020932,,WBGene00001542,,
WBGene00008354,WBGene00009082,WBGene00015010,WBGene00011015,WBGene00004981,WBGene00021692,,WBGene00001543,,
WBGene00008408,WBGene00009126,WBGene00015021,WBGene00011273,WBGene00006418,WBGene00022201,,WBGene00001544,,
WBGene00008409,WBGene00009219,WBGene00015124,WBGene00011307,WBGene00006477,WBGene00022250,,WBGene00001545,,
WBGene00008435,WBGene00009334,WBGene00015161,WBGene00011526,WBGene00006483,WBGene00022389,,WBGene00001546,,
WBGene00008490,WBGene00009583,WBGene00015778,WBGene00011679,WBGene00006505,WBGene00022455,,WBGene00001547,,
WBGene00008514,WBGene00009925,WBGene00016144,WBGene00012040,WBGene00006518,WBGene00022817,,WBGene00001548,,
WBGene00008546,WBGene00010166,WBGene00016152,WBGene00012094,WBGene00006756,WBGene00044063,,WBGene00001549,,
WBGene00008732,WBGene00010284,WBGene00016652,WBGene00012158,WBGene00007102,WBGene00044355,,WBGene00001551,,
WBGene00009001,WBGene00010308,WBGene00017060,WBGene00012166,WBGene00007129,,,WBGene00001552,,
WBGene00009035,WBGene00010416,WBGene00017121,WBGene00012354,WBGene00007130,,,WBGene00001553,,
WBGene00009048,WBGene00010665,WBGene00017775,WBGene00012376,WBGene00007175,,,WBGene00001554,,
WBGene00009177,WBGene00010720,WBGene00018696,WBGene00012390,WBGene00007210,,,WBGene00001555,,
WBGene00009232,WBGene00010780,WBGene00018755,WBGene00012553,WBGene00007328,,,WBGene00001556,,
WBGene00009271,WBGene00010790,WBGene00018996,WBGene00012895,WBGene00007331,,,WBGene00001557,,
WBGene00009319,WBGene00010791,WBGene00019008,WBGene00013094,WBGene00007419,,,WBGene00001596,,
WBGene00009628,WBGene00010794,WBGene00019240,WBGene00013237,WBGene00007446,,,WBGene00001744,,
WBGene00009636,WBGene00010799,WBGene00019298,WBGene00013308,WBGene00007753,,,WBGene00001759,,
WBGene00009706,WBGene00010945,WBGene00019830,WBGene00013406,WBGene00007755,,,WBGene00002001,,
WBGene00009813,WBGene00011003,WBGene00020146,WBGene00013854,WBGene00007756,,,WBGene00002010,,
WBGene00009918,WBGene00011004,WBGene00020397,WBGene00014086,WBGene00007857,,,WBGene00002146,,
WBGene00009952,WBGene00011050,WBGene00020471,WBGene00014098,WBGene00007917,,,WBGene00002152,,
WBGene00010035,WBGene00011095,WBGene00021395,WBGene00015391,WBGene00007918,,,WBGene00002153,,
WBGene00010052,WBGene00011147,WBGene00021626,WBGene00015810,WBGene00007969,,,WBGene00002183,,
WBGene00010286,WBGene00011157,WBGene00021882,WBGene00016118,WBGene00008167,,,WBGene00002238,,
WBGene00010380,WBGene00011158,WBGene00022031,WBGene00016266,WBGene00008320,,,WBGene00002497,,
WBGene00010383,WBGene00011159,WBGene00022171,WBGene00016392,WBGene00008415,,,WBGene00002891,,
WBGene00010456,WBGene00011161,WBGene00022181,WBGene00016393,WBGene00008531,,,WBGene00002979,,
WBGene00010595,WBGene00011162,WBGene00022201,WBGene00016844,WBGene00008564,,,WBGene00003031,,
WBGene00010661,WBGene00011164,WBGene00022246,WBGene00016995,WBGene00008565,,,WBGene00003040,,
WBGene00010759,WBGene00011166,WBGene00022379,WBGene00017121,WBGene00008566,,,WBGene00003073,,
WBGene00010794,WBGene00011167,WBGene00022770,WBGene00017387,WBGene00008567,,,WBGene00003074,,
WBGene00010924,WBGene00011170,WBGene00022849,WBGene00017734,WBGene00008581,,,WBGene00003220,,
WBGene00010941,WBGene00011193,WBGene00044637,WBGene00017759,WBGene00008629,,,WBGene00003384,,
WBGene00011064,WBGene00011196,WBGene00206373,WBGene00017926,WBGene00008706,,,WBGene00003385,,
WBGene00011088,WBGene00011232,,WBGene00017982,WBGene00008749,,,WBGene00003415,,
WBGene00011089,WBGene00011399,,WBGene00018151,WBGene00008776,,,WBGene00003475,,
WBGene00011291,WBGene00011409,,WBGene00018361,WBGene00008801,,,WBGene00003476,,
WBGene00011307,WBGene00011474,,WBGene00018491,WBGene00008802,,,WBGene00003478,,
WBGene00011587,WBGene00011510,,WBGene00018610,WBGene00009057,,,WBGene00003815,,
WBGene00011767,WBGene00011757,,WBGene00019007,WBGene00009146,,,WBGene00003962,,
WBGene00011932,WBGene00011832,,WBGene00019061,WBGene00009192,,,WBGene00003963,,
WBGene00011938,WBGene00011846,,WBGene00019094,WBGene00009218,,,WBGene00003964,,
WBGene00012007,WBGene00011848,,WBGene00019096,WBGene00009221,,,WBGene00004025,,
WBGene00012326,WBGene00011884,,WBGene00019401,WBGene00009342,,,WBGene00004026,,
WBGene00012713,WBGene00011893,,WBGene00019880,WBGene00009439,,,WBGene00004036,,
WBGene00012799,WBGene00012015,,WBGene00019937,WBGene00009622,,,WBGene00004037,,
WBGene00012815,WBGene00012017,,WBGene00019962,WBGene00009635,,,WBGene00004038,,
WBGene00012855,WBGene00012020,,WBGene00020181,WBGene00009801,,,WBGene00004039,,
WBGene00012909,WBGene00012057,,WBGene00020417,WBGene00009824,,,WBGene00004087,,
WBGene00013103,WBGene00012663,,WBGene00020636,WBGene00009952,,,WBGene00004088,,
WBGene00013220,WBGene00012722,,WBGene00020679,WBGene00009973,,,WBGene00004089,,
WBGene00013379,WBGene00012803,,WBGene00020757,WBGene00009980,,,WBGene00004180,,
WBGene00013866,WBGene00012983,,WBGene00020797,WBGene00009981,,,WBGene00004181,,
WBGene00013870,WBGene00013301,,WBGene00020950,WBGene00010035,,,WBGene00004189,,
WBGene00013894,WBGene00013362,,WBGene00021345,WBGene00010296,,,WBGene00004190,,
WBGene00013920,WBGene00013497,,WBGene00021562,WBGene00010336,,,WBGene00004411,,
WBGene00014054,WBGene00013597,,WBGene00021800,WBGene00010339,,,WBGene00004679,,
WBGene00014095,WBGene00013693,,WBGene00021839,WBGene00010408,,,WBGene00004680,,
WBGene00014098,WBGene00013854,,WBGene00021849,WBGene00010425,,,WBGene00004781,,
WBGene00015021,WBGene00013881,,WBGene00022006,WBGene00010564,,,WBGene00004782,,
WBGene00015064,WBGene00014001,,WBGene00022007,WBGene00010769,,,WBGene00004959,,
WBGene00015125,WBGene00014013,,WBGene00022089,WBGene00010778,,,WBGene00005662,,
WBGene00015326,WBGene00014162,,WBGene00022169,WBGene00010794,,,WBGene00005663,,
WBGene00015332,WBGene00014203,,WBGene00022170,WBGene00010872,,,WBGene00006351,,
WBGene00015334,WBGene00015101,,WBGene00022336,WBGene00011037,,,WBGene00006439,,
WBGene00015509,WBGene00015162,,WBGene00022582,WBGene00011095,,,WBGene00006448,,
WBGene00015538,WBGene00015270,,WBGene00044063,WBGene00011106,,,WBGene00006465,,
WBGene00015540,WBGene00015298,,,WBGene00011122,,,WBGene00006510,,
WBGene00015733,WBGene00015413,,,WBGene00011173,,,WBGene00006592,,
WBGene00015773,WBGene00015464,,,WBGene00011262,,,WBGene00006617,,
WBGene00015778,WBGene00015678,,,WBGene00011423,,,WBGene00006729,,
WBGene00015802,WBGene00015767,,,WBGene00011467,,,WBGene00006763,,
WBGene00015814,WBGene00016583,,,WBGene00011517,,,WBGene00006768,,
WBGene00015894,WBGene00016665,,,WBGene00011543,,,WBGene00006910,,
WBGene00016020,WBGene00016810,,,WBGene00011832,,,WBGene00006911,,
WBGene00016201,WBGene00016848,,,WBGene00011850,,,WBGene00006912,,
WBGene00016294,WBGene00016892,,,WBGene00011879,,,WBGene00006913,,
WBGene00016333,WBGene00016996,,,WBGene00011929,,,WBGene00006914,,
WBGene00016419,WBGene00017060,,,WBGene00011932,,,WBGene00006915,,
WBGene00016509,WBGene00017071,,,WBGene00012031,,,WBGene00006916,,
WBGene00016629,WBGene00017103,,,WBGene00012105,,,WBGene00006917,,
WBGene00016652,WBGene00017121,,,WBGene00012131,,,WBGene00006918,,
WBGene00016657,WBGene00017166,,,WBGene00012177,,,WBGene00006919,,
WBGene00016943,WBGene00017233,,,WBGene00012319,,,WBGene00006920,,
WBGene00017051,WBGene00017272,,,WBGene00012375,,,WBGene00006921,,
WBGene00017084,WBGene00017282,,,WBGene00012394,,,WBGene00006932,,
WBGene00017262,WBGene00017283,,,WBGene00012608,,,WBGene00006935,,
WBGene00017301,WBGene00017818,,,WBGene00012663,,,WBGene00006936,,
WBGene00017387,WBGene00018286,,,WBGene00012713,,,WBGene00006945,,
WBGene00017442,WBGene00018424,,,WBGene00012722,,,WBGene00006946,,
WBGene00017565,WBGene00018682,,,WBGene00012723,,,WBGene00006968,,
WBGene00017648,WBGene00019001,,,WBGene00012799,,,WBGene00007029,,
WBGene00017765,WBGene00019151,,,WBGene00012907,,,WBGene00007057,,
WBGene00017874,WBGene00019207,,,WBGene00012911,,,WBGene00007070,,
WBGene00017975,WBGene00019225,,,WBGene00012970,,,WBGene00007072,,
WBGene00018174,WBGene00019240,,,WBGene00013024,,,WBGene00007073,,
WBGene00018357,WBGene00019276,,,WBGene00013049,,,WBGene00007129,,
WBGene00018398,WBGene00019295,,,WBGene00013080,,,WBGene00007140,,
WBGene00018491,WBGene00019604,,,WBGene00013197,,,WBGene00007194,,
WBGene00018764,WBGene00019725,,,WBGene00013284,,,WBGene00007248,,
WBGene00018783,WBGene00019813,,,WBGene00013497,,,WBGene00007314,,
WBGene00018904,WBGene00019890,,,WBGene00013575,,,WBGene00007330,,
WBGene00018986,WBGene00019895,,,WBGene00013646,,,WBGene00007355,,
WBGene00019094,WBGene00020107,,,WBGene00013670,,,WBGene00007402,,
WBGene00019096,WBGene00020141,,,WBGene00013896,,,WBGene00007422,,
WBGene00019406,WBGene00020185,,,WBGene00013920,,,WBGene00007425,,
WBGene00019433,WBGene00020197,,,WBGene00014054,,,WBGene00007455,,
WBGene00019620,WBGene00020270,,,WBGene00014076,,,WBGene00007465,,
WBGene00019633,WBGene00020407,,,WBGene00014128,,,WBGene00007466,,
WBGene00019730,WBGene00020437,,,WBGene00014202,,,WBGene00007467,,
WBGene00019819,WBGene00020509,,,WBGene00015125,,,WBGene00007469,,
WBGene00019962,WBGene00020696,,,WBGene00015159,,,WBGene00007470,,
WBGene00019978,WBGene00020820,,,WBGene00015161,,,WBGene00007471,,
WBGene00020022,WBGene00021043,,,WBGene00015484,,,WBGene00007472,,
WBGene00020146,WBGene00021057,,,WBGene00015565,,,WBGene00007473,,
WBGene00020149,WBGene00021252,,,WBGene00015767,,,WBGene00007548,,
WBGene00020347,WBGene00021286,,,WBGene00015887,,,WBGene00007616,,
WBGene00020366,WBGene00021345,,,WBGene00015889,,,WBGene00007620,,
WBGene00020382,WBGene00021628,,,WBGene00015894,,,WBGene00007646,,
WBGene00020436,WBGene00021766,,,WBGene00016020,,,WBGene00007650,,
WBGene00020658,WBGene00022044,,,WBGene00016034,,,WBGene00007836,,
WBGene00020679,WBGene00022130,,,WBGene00016152,,,WBGene00007885,,
WBGene00020797,WBGene00022199,,,WBGene00016207,,,WBGene00007912,,
WBGene00020812,WBGene00022306,,,WBGene00016335,,,WBGene00007914,,
WBGene00020842,WBGene00022456,,,WBGene00016340,,,WBGene00007946,,
WBGene00020950,WBGene00022629,,,WBGene00016384,,,WBGene00007971,,
WBGene00021128,WBGene00044233,,,WBGene00016511,,,WBGene00008062,,
WBGene00021401,WBGene00044734,,,WBGene00016531,,,WBGene00008074,,
WBGene00021553,WBGene00044807,,,WBGene00016704,,,WBGene00008097,,
WBGene00021787,WBGene00044903,,,WBGene00016716,,,WBGene00008149,,
WBGene00021817,,,,WBGene00016934,,,WBGene00008206,,
WBGene00022006,,,,WBGene00016943,,,WBGene00008209,,
WBGene00022007,,,,WBGene00016985,,,WBGene00008346,,
WBGene00022076,,,,WBGene00017012,,,WBGene00008379,,
WBGene00022104,,,,WBGene00017026,,,WBGene00008431,,
WBGene00022150,,,,WBGene00017123,,,WBGene00008485,,
WBGene00022231,,,,WBGene00017125,,,WBGene00008486,,
WBGene00022856,,,,WBGene00017241,,,WBGene00008499,,
WBGene00077688,,,,WBGene00017261,,,WBGene00008504,,
,,,,WBGene00017301,,,WBGene00008564,,
,,,,WBGene00017316,,,WBGene00008565,,
,,,,WBGene00017625,,,WBGene00008566,,
,,,,WBGene00017763,,,WBGene00008567,,
,,,,WBGene00017781,,,WBGene00008583,,
,,,,WBGene00017864,,,WBGene00008645,,
,,,,WBGene00017888,,,WBGene00008722,,
,,,,WBGene00017996,,,WBGene00008765,,
,,,,WBGene00018036,,,WBGene00008781,,
,,,,WBGene00018152,,,WBGene00009078,,
,,,,WBGene00018398,,,WBGene00009159,,
,,,,WBGene00018657,,,WBGene00009226,,
,,,,WBGene00018674,,,WBGene00009255,,
,,,,WBGene00018696,,,WBGene00009334,,
,,,,WBGene00018701,,,WBGene00009335,,
,,,,WBGene00018756,,,WBGene00009368,,
,,,,WBGene00018797,,,WBGene00009450,,
,,,,WBGene00018811,,,WBGene00009552,,
,,,,WBGene00019022,,,WBGene00009658,,
,,,,WBGene00019060,,,WBGene00009882,,
,,,,WBGene00019127,,,WBGene00009885,,
,,,,WBGene00019225,,,WBGene00009908,,
,,,,WBGene00019229,,,WBGene00010035,,
,,,,WBGene00019404,,,WBGene00010055,,
,,,,WBGene00019406,,,WBGene00010067,,
,,,,WBGene00019428,,,WBGene00010117,,
,,,,WBGene00019464,,,WBGene00010120,,
,,,,WBGene00019465,,,WBGene00010130,,
,,,,WBGene00019644,,,WBGene00010160,,
,,,,WBGene00019747,,,WBGene00010230,,
,,,,WBGene00019920,,,WBGene00010485,,
,,,,WBGene00019965,,,WBGene00010537,,
,,,,WBGene00019978,,,WBGene00010628,,
,,,,WBGene00020007,,,WBGene00010703,,
,,,,WBGene00020115,,,WBGene00010799,,
,,,,WBGene00020139,,,WBGene00010904,,
,,,,WBGene00020166,,,WBGene00010945,,
,,,,WBGene00020195,,,WBGene00010975,,
,,,,WBGene00020256,,,WBGene00010988,,
,,,,WBGene00020258,,,WBGene00011006,,
,,,,WBGene00020264,,,WBGene00011016,,
,,,,WBGene00020267,,,WBGene00011058,,
,,,,WBGene00020268,,,WBGene00011157,,
,,,,WBGene00020343,,,WBGene00011158,,
,,,,WBGene00020347,,,WBGene00011159,,
,,,,WBGene00020366,,,WBGene00011161,,
,,,,WBGene00020369,,,WBGene00011162,,
,,,,WBGene00020398,,,WBGene00011164,,
,,,,WBGene00020446,,,WBGene00011166,,
,,,,WBGene00020471,,,WBGene00011167,,
,,,,WBGene00020509,,,WBGene00011170,,
,,,,WBGene00020517,,,WBGene00011196,,
,,,,WBGene00020812,,,WBGene00011238,,
,,,,WBGene00020895,,,WBGene00011239,,
,,,,WBGene00020910,,,WBGene00011340,,
,,,,WBGene00020911,,,WBGene00011452,,
,,,,WBGene00020947,,,WBGene00011453,,
,,,,WBGene00020962,,,WBGene00011564,,
,,,,WBGene00020989,,,WBGene00011729,,
,,,,WBGene00021075,,,WBGene00011757,,
,,,,WBGene00021160,,,WBGene00011791,,
,,,,WBGene00021352,,,WBGene00011846,,
,,,,WBGene00021677,,,WBGene00011848,,
,,,,WBGene00021703,,,WBGene00011860,,
,,,,WBGene00021766,,,WBGene00012013,,
,,,,WBGene00021818,,,WBGene00012016,,
,,,,WBGene00022037,,,WBGene00012057,,
,,,,WBGene00022181,,,WBGene00012148,,
,,,,WBGene00022200,,,WBGene00012187,,
,,,,WBGene00022233,,,WBGene00012302,,
,,,,WBGene00022246,,,WBGene00012390,,
,,,,WBGene00022379,,,WBGene00012459,,
,,,,WBGene00022393,,,WBGene00012528,,
,,,,WBGene00022498,,,WBGene00012608,,
,,,,WBGene00022532,,,WBGene00012666,,
,,,,WBGene00022616,,,WBGene00012722,,
,,,,WBGene00022646,,,WBGene00012815,,
,,,,WBGene00022718,,,WBGene00012885,,
,,,,WBGene00022781,,,WBGene00012897,,
,,,,WBGene00044468,,,WBGene00012936,,
,,,,WBGene00044631,,,WBGene00012984,,
,,,,WBGene00206373,,,WBGene00012999,,
,,,,,,,WBGene00013002,,
,,,,,,,WBGene00013018,,
,,,,,,,WBGene00013025,,
,,,,,,,WBGene00013030,,
,,,,,,,WBGene00013131,,
,,,,,,,WBGene00013150,,
,,,,,,,WBGene00013258,,
,,,,,,,WBGene00013284,,
,,,,,,,WBGene00013361,,
,,,,,,,WBGene00013433,,
,,,,,,,WBGene00013447,,
,,,,,,,WBGene00013557,,
,,,,,,,WBGene00013672,,
,,,,,,,WBGene00013677,,
,,,,,,,WBGene00013678,,
,,,,,,,WBGene00013680,,
,,,,,,,WBGene00013805,,
,,,,,,,WBGene00013854,,
,,,,,,,WBGene00013900,,
,,,,,,,WBGene00013901,,
,,,,,,,WBGene00013903,,
,,,,,,,WBGene00013904,,
,,,,,,,WBGene00013905,,
,,,,,,,WBGene00013906,,
,,,,,,,WBGene00014027,,
,,,,,,,WBGene00014081,,
,,,,,,,WBGene00014111,,
,,,,,,,WBGene00014115,,
,,,,,,,WBGene00014123,,
,,,,,,,WBGene00014162,,
,,,,,,,WBGene00014202,,
,,,,,,,WBGene00014206,,
,,,,,,,WBGene00014807,,
,,,,,,,WBGene00015021,,
,,,,,,,WBGene00015099,,
,,,,,,,WBGene00015141,,
,,,,,,,WBGene00015168,,
,,,,,,,WBGene00015278,,
,,,,,,,WBGene00015338,,
,,,,,,,WBGene00015369,,
,,,,,,,WBGene00015371,,
,,,,,,,WBGene00015399,,
,,,,,,,WBGene00015400,,
,,,,,,,WBGene00015449,,
,,,,,,,WBGene00015577,,
,,,,,,,WBGene00015660,,
,,,,,,,WBGene00015692,,
,,,,,,,WBGene00015694,,
,,,,,,,WBGene00015695,,
,,,,,,,WBGene00015739,,
,,,,,,,WBGene00015752,,
,,,,,,,WBGene00015773,,
,,,,,,,WBGene00015965,,
,,,,,,,WBGene00016140,,
,,,,,,,WBGene00016147,,
,,,,,,,WBGene00016313,,
,,,,,,,WBGene00016524,,
,,,,,,,WBGene00016589,,
,,,,,,,WBGene00016603,,
,,,,,,,WBGene00016665,,
,,,,,,,WBGene00016750,,
,,,,,,,WBGene00016762,,
,,,,,,,WBGene00016786,,
,,,,,,,WBGene00016920,,
,,,,,,,WBGene00017121,,
,,,,,,,WBGene00017123,,
,,,,,,,WBGene00017233,,
,,,,,,,WBGene00017237,,
,,,,,,,WBGene00017268,,
,,,,,,,WBGene00017300,,
,,,,,,,WBGene00017301,,
,,,,,,,WBGene00017315,,
,,,,,,,WBGene00017329,,
,,,,,,,WBGene00017331,,
,,,,,,,WBGene00017332,,
,,,,,,,WBGene00017333,,
,,,,,,,WBGene00017334,,
,,,,,,,WBGene00017336,,
,,,,,,,WBGene00017673,,
,,,,,,,WBGene00017696,,
,,,,,,,WBGene00017769,,
,,,,,,,WBGene00017830,,
,,,,,,,WBGene00017959,,
,,,,,,,WBGene00018023,,
,,,,,,,WBGene00018076,,
,,,,,,,WBGene00018206,,
,,,,,,,WBGene00018357,,
,,,,,,,WBGene00018391,,
,,,,,,,WBGene00018543,,
,,,,,,,WBGene00018698,,
,,,,,,,WBGene00018721,,
,,,,,,,WBGene00018771,,
,,,,,,,WBGene00018789,,
,,,,,,,WBGene00018931,,
,,,,,,,WBGene00019060,,
,,,,,,,WBGene00019232,,
,,,,,,,WBGene00019233,,
,,,,,,,WBGene00019234,,
,,,,,,,WBGene00019235,,
,,,,,,,WBGene00019246,,
,,,,,,,WBGene00019275,,
,,,,,,,WBGene00019329,,
,,,,,,,WBGene00019380,,
,,,,,,,WBGene00019460,,
,,,,,,,WBGene00019473,,
,,,,,,,WBGene00019515,,
,,,,,,,WBGene00019516,,
,,,,,,,WBGene00019584,,
,,,,,,,WBGene00019633,,
,,,,,,,WBGene00019682,,
,,,,,,,WBGene00019690,,
,,,,,,,WBGene00019710,,
,,,,,,,WBGene00019778,,
,,,,,,,WBGene00019823,,
,,,,,,,WBGene00019867,,
,,,,,,,WBGene00019883,,
,,,,,,,WBGene00019978,,
,,,,,,,WBGene00020006,,
,,,,,,,WBGene00020131,,
,,,,,,,WBGene00020140,,
,,,,,,,WBGene00020141,,
,,,,,,,WBGene00020166,,
,,,,,,,WBGene00020182,,
,,,,,,,WBGene00020270,,
,,,,,,,WBGene00020347,,
,,,,,,,WBGene00020407,,
,,,,,,,WBGene00020507,,
,,,,,,,WBGene00020517,,
,,,,,,,WBGene00020587,,
,,,,,,,WBGene00020592,,
,,,,,,,WBGene00020593,,
,,,,,,,WBGene00020594,,
,,,,,,,WBGene00020596,,
,,,,,,,WBGene00020761,,
,,,,,,,WBGene00020821,,
,,,,,,,WBGene00020823,,
,,,,,,,WBGene00020842,,
,,,,,,,WBGene00020964,,
,,,,,,,WBGene00021061,,
,,,,,,,WBGene00021112,,
,,,,,,,WBGene00021167,,
,,,,,,,WBGene00021252,,
,,,,,,,WBGene00021282,,
,,,,,,,WBGene00021344,,
,,,,,,,WBGene00021347,,
,,,,,,,WBGene00021372,,
,,,,,,,WBGene00021464,,
,,,,,,,WBGene00021474,,
,,,,,,,WBGene00021508,,
,,,,,,,WBGene00021515,,
,,,,,,,WBGene00021534,,
,,,,,,,WBGene00021564,,
,,,,,,,WBGene00021636,,
,,,,,,,WBGene00021638,,
,,,,,,,WBGene00021709,,
,,,,,,,WBGene00021845,,
,,,,,,,WBGene00021905,,
,,,,,,,WBGene00021952,,
,,,,,,,WBGene00022150,,
,,,,,,,WBGene00022167,,
,,,,,,,WBGene00022309,,
,,,,,,,WBGene00022400,,
,,,,,,,WBGene00022501,,
,,,,,,,WBGene00022512,,
,,,,,,,WBGene00022599,,
,,,,,,,WBGene00022610,,
,,,,,,,WBGene00022836,,
,,,,,,,WBGene00044025,,
,,,,,,,WBGene00044069,,
,,,,,,,WBGene00044286,,
,,,,,,,WBGene00044807,,
,,,,,,,WBGene00045419,,
,,,,,,,WBGene00077688,,